class,0
FH,1.0
ER,1.0
WW,1.0
TC,1.0
CS,0.9345238095238095
BC,0.7499999999999999
KQ,0.7333333333333334
AR,0.7333333333333334
SL,1.0
FG,1.0
WB_BX,0.8194444444444444
PF,0.8571428571428571
BM,0.48571428571428577
WH,0.75
SQ,0.6666666666666666
WN,0.8571428571428571
BH,0.775
PH,0.888888888888889
LB,0.8166666666666667
