class,0
FH,0.8831168831168831
ER,0.8
WW,1.0
TC,0.7333333333333334
CS,0.8685714285714285
KQ,0.9285714285714286
AR,0.7333333333333334
SL,0.9285714285714286
FG,0.8285714285714285
WB,1.0
PF,0.8571428571428571
WH,0.75
SQ,0.6666666666666666
WN,0.8571428571428571
BH,0.696969696969697
PH,0.8571428571428572
LB,0.7692307692307692
