class,0
FH,1.0
ER,1.0
WW,1.0
TC,1.0
CS,0.9109730848861284
KQ,0.9285714285714286
AR,0.8
SL,1.0
FG,1.0
WB,1.0
PF,0.8571428571428571
WH,0.7272727272727272
SQ,0.6666666666666666
WN,0.8285714285714285
BH,0.8571428571428571
PH,0.9022556390977444
LB,0.7803030303030303
